{"cameraMode":{"drawMode":0,"name":"Shaded","section":"Shading Mode"},"sceneLighting":true,"audioPlay":false,"sceneViewState":{"m_AlwaysRefresh":false,"showFog":true,"showSkybox":true,"showFlares":true,"showImageEffects":true,"showParticleSystems":true,"showVisualEffectGraphs":true,"m_FxEnabled":true},"in2DMode":false,"pivot":{"x":1.1867390871047974,"y":-0.6968557834625244,"z":3.759422540664673},"rotation":{"x":0.15739226341247559,"y":0.2451809197664261,"z":-0.040369585156440738,"w":0.9557725191116333},"size":9.22795295715332,"orthographic":false}